Workbook

Sheet Metadata
A1: Data S2: Catchment-level beta, NSE, and inundation metrics
A3: Article title | B3: Citywide Drainage Network Analysis Using a Scale-Proportional Gibbs’ Model
A4: Journal | B4: Journal of Flood Risk Management
A5: Authors | B5: Minsoo Seok, Changmin Park, Yongwon Seo
A6: Affiliation | B6: Department of Civil Engineering, Yeungnam University, Gyeongsan, Republic of Korea
A7: Corresponding author | B7: Yongwon Seo (yongwon.seo@yu.ac.kr)
A8: Repository | B8: https://github.com/seokminsu99-byte/FMT_plug_PLENA
A9: Official journal guidelines | B9: https://onlinelibrary.wiley.com/page/journal/10991085/homepage/forauthors.html
A10: Data S2 caption | B10: Catchment-level beta estimates, NSE results, GIS-derived catchment areas, and annual/cumulative inundation metrics for the 239 drainage catchments in Seoul.
A11: Workbook contents | B11: Best beta estimates for 239 drainage catchments; all candidate beta-specific NSE summaries; beta-class counts; catchment-level annual and derived inundation metrics; and table-level flood-result checks.
A12: Classification rule | B12: The representative class listed in Best Beta Results is the candidate k with the highest NSE(mean_q), where beta = 10^k. Exact ties are resolved by selecting the lowest k.
A13: Comparison reference | B13: Seo Y, Kim KJ, Jeong WC (2024) Network characteristics and its impact on flooding in urban catchments: A case study in Seoul, South Korea. Journal of Korea Water Resources Association 57:1221-1230. https://doi.org/10.3741/JKWRA.2024.57.S-1.1221
A14: File name | B14: Data_S2.xlsx
... A21: Flood-metric definitions | B21: See the Flood Data Method sheet. Flood Metrics and Flood Summary reproduce the inputs and calculations used for manuscript Tables 4 and 5.

Sheet Best Beta Results
A1: Catchment ID | B1: Catchment name | C1: Seo et al. (2024), k | D1: PLENA, k | E1: PLENA beta class | F1: Classification status
A2: 1 | B2: Dobong | C2: -3 | D2: -3 | E2: 10^-3 | F2: Valid
A3: 2 | B3: Baekwoon | C3: -2 | D3: -2 | E3: 10^-2 | F3: Valid
A4: 3 | B4: Sanggye 3 | C4: -2 | D4: -4 | E4: 10^-4 | F4: Valid
A5: 4 | B5: Sanggye 2 | C5: -1 | D5: -2 | E5: 10^-2 | F5: Valid
A6: 5 | B6: Ssangmoon 1 | C6: -4 | D6: -4 | E6: 10^-4 | F6: Valid
A7: 6 | B7: Banghak | C7: 3 | D7: -2 | E7: 10^-2 | F7: Valid
A8: 7 | B8: Onsoo | C8: 0 | D8: -2 | E8: 10^-2 | F8: Valid
A9: 8 | B9: Uei 1 | C9: 1 | D9: 1 | E9: 10^1 | F9: Valid
A10: 9 | B10: Sanggye 1 | C10: -2 | D10: -3 | E10: 10^-3 | F10: Valid
A11: 10 | B11: Joonggye 1 | C11: -1 | D11: -1 | E11: 10^-1 | F11: Valid
A12: 11 | B12: Uei 2 | C12: 3 | D12: -1 | E12: 10^-1 | F12: Valid
A13: 12 | B13: Changdong 1 | C13: -4 | D13: -2 | E13: 10^-2 | F13: Valid
... A73: 72 | B73: Sungin | C73: 1 | D73: -2 | E73: 10^-2 | F73: Valid
A74: 73 | B74: Gwahae | C74: Not reported | D74: Not classified | E74: Not classified | F74: No valid classification
A75: 74 | B75: Hail | C75: 3 | D75: 1 | E75: 10^1 | F75: Valid
A76: 75 | B76: Myunmok 4 | C76: 1 | D76: -2 | E76: 10^-2 | F76: Valid
A77: 76 | B77: Hyunjeo | C77: -3 | D77: -2 | E77: 10^-2 | F77: Valid
A78: 77 | B78: Naebalsan | C78: -3 | D78: -4 | E78: 10^-4 | F78: Valid
A79: 78 | B79: Namgajwa 2 | C79: -3 | D79: -2 | E79: 10^-2 | F79: Valid
A80: 79 | B80: Gayang | C80: -1 | D80: -2 | E80: 10^-2 | F80: Valid
A81: 80 | B81: Naengcheon | C81: -2 | D81: -3 | E81: 10^-3 | F81: Valid
A82: 81 | B82: Yeonhui | C82: -1 | D82: -1 | E82: 10^-1 | F82: Valid
A83: 82 | B83: Sinchon | C83: 2 | D83: -2 | E83: 10^-2 | F83: Valid
A84: 83 | B84: Seongsan | C84: -4 | D84: -3 | E84: 10^-3 | F84: Valid
A85: 84 | B85: Donggyo | C85: 1 | D85: -2 | E85: 10^-2 | F85: Valid
A86: 85 | B86: Joonggok | C86: -2 | D86: -1 | E86: 10^-1 | F86: Valid
... A229: 228 | B229: Sinweon | C229: -1 | D229: -1 | E229: 10^-1 | F229: Valid
A230: 229 | B230: Gonghang | C230: Not reported | D230: Not classified | E230: Not classified | F230: No valid classification
A231: 230 | B231: Sooyoo 2 | C231: 3 | D231: -2 | E231: 10^-2 | F231: Valid
A232: 231 | B232: Jeongreung 1 | C232: 1 | D232: -2 | E232: 10^-2 | F232: Valid
A233: 232 | B233: Jeongreung 2 | C233: -1 | D233: -2 | E233: 10^-2 | F233: Valid
A234: 233 | B234: Geobong | C234: -1 | D234: -2 | E234: 10^-2 | F234: Valid
A235: 234 | B235: Oryu 1 | C235: -2 | D235: -3 | E235: 10^-3 | F235: Valid
A236: 235 | B236: Oryu 4 | C236: -2 | D236: -2 | E236: 10^-2 | F236: Valid
A237: 236 | B237: Noryang 2 | C237: -2 | D237: -2 | E237: 10^-2 | F237: Valid
A238: 237 | B238: Yeouido | C238: -2 | D238: -3 | E238: 10^-3 | F238: Valid
A239: 238 | B239: Weolgye 1 | C239: -2 | D239: -3 | E239: 10^-3 | F239: Valid
A240: 239 | B240: Jangwi | C240: 1 | D240: -3 | E240: 10^-3 | F240: Valid

Sheet All Beta NSE
A1: Catchment ID | B1: Catchment name | C1: Candidate k | D1: Candidate beta | E1: NSE(mean_q)
A2: 1 | B2: Dobong | C2: -4 | D2: 0.0001 | E2: 0.59936723
A3: 1 | B3: Dobong | C3: -3 | D3: 0.001 | E3: 0.64611006
A4: 1 | B4: Dobong | C4: -2 | D4: 0.01 | E4: 0.40981827
A5: 1 | B5: Dobong | C5: -1 | D5: 0.1 | E5: 0.18779439
A6: 1 | B6: Dobong | C6: 0 | D6: 1 | E6: 0.18881473
A7: 1 | B7: Dobong | C7: 1 | D7: 10 | E7: 0.18087871
A8: 1 | B8: Dobong | C8: 2 | D8: 100 | E8: 0.18055742
A9: 1 | B9: Dobong | C9: 3 | D9: 1000 | E9: 0.18087871
A10: 2 | B10: Baekwoon | C10: -4 | D10: 0.0001 | E10: 0.56736391
A11: 2 | B11: Baekwoon | C11: -3 | D11: 0.001 | E11: 0.69071095
A12: 2 | B12: Baekwoon | C12: -2 | D12: 0.01 | E12: 0.81461468
A13: 2 | B13: Baekwoon | C13: -1 | D13: 0.1 | E13: 0.69991385
... A1897: 239 | B1897: Jangwi | C1897: 3 | D1897: 1000 | E1897: -0.77732887

Sheet Summary
A1: Data S2: Seoul drainage-catchment beta distribution
A3: k | B3: Beta class | C3: PLENA count | D3: PLENA percentage
A4: -4 | B4: 10^-4 | C4: 11 | D4: 0.046025105
A5: -3 | B5: 10^-3 | C5: 84 | D5: 0.35146444
A6: -2 | B6: 10^-2 | C6: 122 | D6: 0.51046025
A7: -1 | B7: 10^-1 | C7: 17 | D7: 0.071129707
A8: 0 | B8: 10^0 | C8: 1 | D8: 0.0041841004
A9: 1 | B9: 10^1 | C9: 2 | D9: 0.0083682008
A10: 2 | B10: 10^2 | C10: 0 | D10: 0
A11: 3 | B11: 10^3 | C11: 0 | D11: 0
A12: Not classified | B12: Not classified | C12: 2 | D12: 0.0083682008

Sheet Flood Metrics
A1: Catchment ID | B1: Catchment name | C1: Korean name | D1: PLENA, k | E1: PLENA beta class | F1: Classification status | G1: Catchment area (km^2) | H1: 2010 flooded area (km^2) | I1: 2011 flooded area (km^2) | J1: 2012 flooded area (km^2) | K1: 2013 flooded area (km^2) | L1: 2014 flooded area (km^2) | M1: 2015 flooded area (km^2) | N1: 2016 flooded area (km^2) | O1: 2017 flooded area (km^2) | P1: 2018 flooded area (km^2) | Q1: 2019 flooded area (km^2) | R1: 2020 flooded area (km^2) | S1: 2021 flooded area (km^2) | T1: 2022 flooded area (km^2) | U1: 2023 flooded area (km^2) | V1: 2024 flooded area (km^2) | W1: 2025 flooded area (km^2) | X1: Cumulative flooded area (km^2) | Y1: Cumulative flooded-area percentage (%) | Z1: Maximum annual flooded area (km^2) | AA1: Year of maximum annual flooded area | AB1: Maximum annual flooded-area percentage (%) | AC1: Top-10% rank | AD1: Top-10% flag
A2: 1 | B2: Dobong | C2: 도봉 | D2: -3 | E2: 10^-3 | F2: Valid | G2: 8.591 | H2: 0 | I2: 0 | J2: 0 | K2: 0 | L2: 0 | N2: 0 | O2: 0 | P2: 0.15358182 | Q2: 0 | R2: 0 | T2: 0.0023527348 | U2: 0 | V2: 0 | W2: 0.0003946934 | X2: =SUM(H2:W2) -> 0.15632925 | Y2: =X2/G2*100 -> 1.8196863 | Z2: =MAX(H2:W2) -> 0.15358182 | AA2: =2010+MATCH(Z2,H2:W2,0)-1 -> 2018 | AB2: =Z2/G2*100 -> 1.787706 | AC2: =IF(F2="Valid",RANK(AB2,$AB$2:$AB$240,0),"") -> 116 | AD2: =IF(AND(F2="Valid",AC2<=24),"Yes","No") -> No
A3: 2 | B3: Baekwoon | C3: 백운 | D3: -2 | E3: 10^-2 | F3: Valid | G3: 4.634 | H3: 0 | I3: 0 | J3: 0 | K3: 0 | L3: 0 | N3: 0 | O3: 0 | P3: 0 | Q3: 0 | R3: 0 | T3: 0.0050313335 | U3: 0 | V3: 0 | W3: 0 | X3: =SUM(H3:W3) -> 0.0050313335 | Y3: =X3/G3*100 -> 0.10857431 | Z3: =MAX(H3:W3) -> 0.0050313335 | AA3: =2010+MATCH(Z3,H3:W3,0)-1 -> 2022 | AB3: =Z3/G3*100 -> 0.10857431 | AC3: =IF(F3="Valid",RANK(AB3,$AB$2:$AB$240,0),"") -> 198 | AD3: =IF(AND(F3="Valid",AC3<=24),"Yes","No") -> No
A4: 3 | B4: Sanggye 3 | C4: 상계3 | D4: -4 | E4: 10^-4 | F4: Valid | G4: 4.085 | H4: 0 | I4: 0 | J4: 0 | K4: 0 | L4: 0 | N4: 0 | O4: 0 | P4: 0.004693568 | Q4: 0 | R4: 0.0021701788 | T4: 1.0417492 | U4: 0.00015404029 | V4: 0 | W4: 0.00031755694 | X4: =SUM(H4:W4) -> 1.0490845 | Y4: =X4/G4*100 -> 25.681384 | Z4: =MAX(H4:W4) -> 1.0417492 | AA4: =2010+MATCH(Z4,H4:W4,0)-1 -> 2022 | AB4: =Z4/G4*100 -> 25.501816 | AC4: =IF(F4="Valid",RANK(AB4,$AB$2:$AB$240,0),"") -> 9 | AD4: =IF(AND(F4="Valid",AC4<=24),"Yes","No") -> Yes
A5: 4 | B5: Sanggye 2 | C5: 상계2 | D5: -2 | E5: 10^-2 | F5: Valid | G5: 2.16 | H5: 0 | I5: 0 | J5: 0 | K5: 0 | L5: 0 | N5: 0 | O5: 0 | P5: 0.023097034 | Q5: 0 | R5: 0.021028334 | T5: 0.60248031 | U5: 0 | V5: 0 | W5: 0 | X5: =SUM(H5:W5) -> 0.64660568 | Y5: =X5/G5*100 -> 29.935448 | Z5: =MAX(H5:W5) -> 0.60248031 | AA5: =2010+MATCH(Z5,H5:W5,0)-1 -> 2022 | AB5: =Z5/G5*100 -> 27.892607 | AC5: =IF(F5="Valid",RANK(AB5,$AB$2:$AB$240,0),"") -> 5 | AD5: =IF(AND(F5="Valid",AC5<=24),"Yes","No") -> Yes
A6: 5 | B6: Ssangmoon 1 | C6: 쌍문1 | D6: -4 | E6: 10^-4 | F6: Valid | G6: 3.281 | H6: 0 | I6: 0 | J6: 0 | K6: 0 | L6: 0 | N6: 0 | O6: 0 | P6: 0 | Q6: 0 | R6: 0 | T6: 0.13059799 | U6: 0 | V6: 0 | W6: 0 | X6: =SUM(H6:W6) -> 0.13059799 | Y6: =X6/G6*100 -> 3.9804325 | Z6: =MAX(H6:W6) -> 0.13059799 | AA6: =2010+MATCH(Z6,H6:W6,0)-1 -> 2022 | AB6: =Z6/G6*100 -> 3.9804325 | AC6: =IF(F6="Valid",RANK(AB6,$AB$2:$AB$240,0),"") -> 63 | AD6: =IF(AND(F6="Valid",AC6<=24),"Yes","No") -> No
A7: 6 | B7: Banghak | C7: 방학 | D7: -2 | E7: 10^-2 | F7: Valid | G7: 5.85 | H7: 0 | I7: 0 | J7: 0 | K7: 0 | L7: 0 | N7: 0 | O7: 0 | P7: 0.095898125 | Q7: 0.00010851372 | R7: 0.003489762 | T7: 0.0085576454 | U7: 0.00051714318 | V7: 0.00024877095 | W7: 0.0063522388 | X7: =SUM(H7:W7) -> 0.1151722 | Y7: =X7/G7*100 -> 1.9687555 | Z7: =MAX(H7:W7) -> 0.095898125 | AA7: =2010+MATCH(Z7,H7:W7,0)-1 -> 2018 | AB7: =Z7/G7*100 -> 1.6392842 | AC7: =IF(F7="Valid",RANK(AB7,$AB$2:$AB$240,0),"") -> 122 | AD7: =IF(AND(F7="Valid",AC7<=24),"Yes","No") -> No
A8: 7 | B8: Onsoo | C8: 온수 | D8: -2 | E8: 10^-2 | F8: Valid | G8: 2.087 | H8: 0 | I8: 0.016891288 | J8: 0 | K8: 0 | L8: 0 | N8: 0.00017468309 | O8: 0 | P8: 0.00056702102 | Q8: 0 | R8: 0.00017307567 | T8: 0.003013894 | U8: 0.00068964231 | V8: 0 | W8: 0.0013980803 | X8: =SUM(H8:W8) -> 0.022907684 | Y8: =X8/G8*100 -> 1.097637 | Z8: =MAX(H8:W8) -> 0.016891288 | AA8: =2010+MATCH(Z8,H8:W8,0)-1 -> 2011 | AB8: =Z8/G8*100 -> 0.80935735 | AC8: =IF(F8="Valid",RANK(AB8,$AB$2:$AB$240,0),"") -> 153 | AD8: =IF(AND(F8="Valid",AC8<=24),"Yes","No") -> No
A9: 8 | B9: Uei 1 | C9: 우이1 | D9: 1 | E9: 10^1 | F9: Valid | G9: 3.723 | H9: 0 | I9: 0 | J9: 0 | K9: 0 | L9: 0 | N9: 0 | O9: 0 | P9: 0 | Q9: 0 | R9: 0 | T9: 0.034096955 | U9: 0 | V9: 0 | W9: 0 | X9: =SUM(H9:W9) -> 0.034096955 | Y9: =X9/G9*100 -> 0.91584621 | Z9: =MAX(H9:W9) -> 0.034096955 | AA9: =2010+MATCH(Z9,H9:W9,0)-1 -> 2022 | AB9: =Z9/G9*100 -> 0.91584621 | AC9: =IF(F9="Valid",RANK(AB9,$AB$2:$AB$240,0),"") -> 149 | AD9: =IF(AND(F9="Valid",AC9<=24),"Yes","No") -> No
A10: 9 | B10: Sanggye 1 | C10: 상계1 | D10: -3 | E10: 10^-3 | F10: Valid | G10: 2.829 | H10: 0 | I10: 0.014413512 | J10: 0 | K10: 0 | L10: 0 | N10: 7.8889139e-05 | O10: 0 | P10: 0.0011208095 | Q10: 0 | R10: 0 | T10: 0.0050945234 | U10: 0.002437617 | V10: 0 | W10: 0 | X10: =SUM(H10:W10) -> 0.023145351 | Y10: =X10/G10*100 -> 0.81814604 | Z10: =MAX(H10:W10) -> 0.014413512 | AA10: =2010+MATCH(Z10,H10:W10,0)-1 -> 2011 | AB10: =Z10/G10*100 -> 0.50949142 | AC10: =IF(F10="Valid",RANK(AB10,$AB$2:$AB$240,0),"") -> 167 | AD10: =IF(AND(F10="Valid",AC10<=24),"Yes","No") -> No
A11: 10 | B11: Joonggye 1 | C11: 중계1 | D11: -1 | E11: 10^-1 | F11: Valid | G11: 1.667 | H11: 0 | I11: 0 | J11: 0 | K11: 0 | L11: 0 | N11: 0 | O11: 0 | P11: 0 | Q11: 0 | R11: 0.00017605079 | T11: 0 | U11: 0 | V11: 0 | W11: 0 | X11: =SUM(H11:W11) -> 0.00017605079 | Y11: =X11/G11*100 -> 0.010560935 | Z11: =MAX(H11:W11) -> 0.00017605079 | AA11: =2010+MATCH(Z11,H11:W11,0)-1 -> 2020 | AB11: =Z11/G11*100 -> 0.010560935 | AC11: =IF(F11="Valid",RANK(AB11,$AB$2:$AB$240,0),"") -> 228 | AD11: =IF(AND(F11="Valid",AC11<=24),"Yes","No") -> No
A12: 11 | B12: Uei 2 | C12: 우이2 | D12: -1 | E12: 10^-1 | F12: Valid | G12: 3.748 | H12: 0 | I12: 0.00088324967 | J12: 0 | K12: 0 | L12: 0 | N12: 0 | O12: 0 | P12: 0.0038663375 | Q12: 0 | R12: 0 | T12: 0.0053529115 | U12: 0 | V12: 0 | W12: 0.98126245 | X12: =SUM(H12:W12) -> 0.99136495 | Y12: =X12/G12*100 -> 26.450506 | Z12: =MAX(H12:W12) -> 0.98126245 | AA12: =2010+MATCH(Z12,H12:W12,0)-1 -> 2025 | AB12: =Z12/G12*100 -> 26.180962 | AC12: =IF(F12="Valid",RANK(AB12,$AB$2:$AB$240,0),"") -> 7 | AD12: =IF(AND(F12="Valid",AC12<=24),"Yes","No") -> Yes
A13: 12 | B13: Changdong 1 | C13: 창동1 | D13: -2 | E13: 10^-2 | F13: Valid | G13: 4.054 | H13: 0 | I13: 0 | J13: 0 | K13: 0 | L13: 0 | N13: 0 | O13: 0 | P13: 0.0020168059 | Q13: 0 | R13: 0 | T13: 0.031216289 | U13: 0.000985024 | V13: 0 | W13: 0.0024204742 | X13: =SUM(H13:W13) -> 0.036638593 | Y13: =X13/G13*100 -> 0.90376402 | Z13: =MAX(H13:W13) -> 0.031216289 | AA13: =2010+MATCH(Z13,H13:W13,0)-1 -> 2022 | AB13: =Z13/G13*100 -> 0.77001207 | AC13: =IF(F13="Valid",RANK(AB13,$AB$2:$AB$240,0),"") -> 156 | AD13: =IF(AND(F13="Valid",AC13<=24),"Yes","No") -> No
... A73: 72 | B73: Sungin | C73: 숭인 | D73: -2 | E73: 10^-2 | F73: Valid | G73: 1.352 | H73: 0.028128468 | I73: 0 | J73: 0 | K73: 0 | L73: 0 | N73: 0 | O73: 0 | P73: 0 | Q73: 0 | R73: 0 | T73: 0 | U73: 2.6765216e-05 | V73: 0 | W73: 0.00017860898 | X73: =SUM(H73:W73) -> 0.028333842 | Y73: =X73/G73*100 -> 2.0956984 | Z73: =MAX(H73:W73) -> 0.028128468 | AA73: =2010+MATCH(Z73,H73:W73,0)-1 -> 2010 | AB73: =Z73/G73*100 -> 2.080508 | AC73: =IF(F73="Valid",RANK(AB73,$AB$2:$AB$240,0),"") -> 109 | AD73: =IF(AND(F73="Valid",AC73<=24),"Yes","No") -> No
A74: 73 | B74: Gwahae | C74: 과해 | D74: Not classified | E74: Not classified | F74: No valid classification | G74: 3.192 | H74: 0 | I74: 0 | J74: 0 | K74: 0 | L74: 0 | N74: 0 | O74: 0 | P74: 0 | Q74: 0 | R74: 0 | T74: 0.0017295015 | U74: 0 | V74: 0 | W74: 0 | X74: =SUM(H74:W74) -> 0.0017295015 | Y74: =X74/G74*100 -> 0.054182377 | Z74: =MAX(H74:W74) -> 0.0017295015 | AA74: =2010+MATCH(Z74,H74:W74,0)-1 -> 2022 | AB74: =Z74/G74*100 -> 0.054182377 | AC74: =IF(F74="Valid",RANK(AB74,$AB$2:$AB$240,0),"") | AD74: =IF(AND(F74="Valid",AC74<=24),"Yes","No") -> No
A75: 74 | B75: Hail | C75: 하일 | D75: 1 | E75: 10^1 | F75: Valid | G75: 2.446 | H75: 0 | I75: 0 | J75: 0 | K75: 0 | L75: 0 | N75: 0.00033080223 | O75: 0.00033080223 | P75: 0.00033080223 | Q75: 0 | R75: 0 | T75: 0 | U75: 0 | V75: 0.001952507 | W75: 0 | X75: =SUM(H75:W75) -> 0.0029449137 | Y75: =X75/G75*100 -> 0.12039713 | Z75: =MAX(H75:W75) -> 0.001952507 | AA75: =2010+MATCH(Z75,H75:W75,0)-1 -> 2024 | AB75: =Z75/G75*100 -> 0.079824489 | AC75: =IF(F75="Valid",RANK(AB75,$AB$2:$AB$240,0),"") -> 206 | AD75: =IF(AND(F75="Valid",AC75<=24),"Yes","No") -> No
A76: 75 | B76: Myunmok 4 | C76: 면목4 | D76: -2 | E76: 10^-2 | F76: Valid | G76: 1.752 | H76: 0.0023389484 | I76: 0 | J76: 0 | K76: 0 | L76: 0 | N76: 0 | O76: 0 | P76: 0 | Q76: 0 | R76: 0 | T76: 0.0016119917 | U76: 0 | V76: 0 | W76: 0 | X76: =SUM(H76:W76) -> 0.0039509401 | Y76: =X76/G76*100 -> 0.22551028 | Z76: =MAX(H76:W76) -> 0.0023389484 | AA76: =2010+MATCH(Z76,H76:W76,0)-1 -> 2010 | AB76: =Z76/G76*100 -> 0.13350162 | AC76: =IF(F76="Valid",RANK(AB76,$AB$2:$AB$240,0),"") -> 196 | AD76: =IF(AND(F76="Valid",AC76<=24),"Yes","No") -> No
A77: 76 | B77: Hyunjeo | C77: 현저 | D77: -2 | E77: 10^-2 | F77: Valid | G77: 0.766 | H77: 0 | I77: 0 | J77: 0 | K77: 0 | L77: 0 | N77: 0 | O77: 0 | P77: 0 | Q77: 0 | R77: 0 | T77: 0 | U77: 0 | V77: 0 | W77: 0 | X77: =SUM(H77:W77) -> 0 | Y77: =X77/G77*100 -> 0 | Z77: =MAX(H77:W77) -> 0 | AA77: =2010+MATCH(Z77,H77:W77,0)-1 -> 2010 | AB77: =Z77/G77*100 -> 0 | AC77: =IF(F77="Valid",RANK(AB77,$AB$2:$AB$240,0),"") -> 232 | AD77: =IF(AND(F77="Valid",AC77<=24),"Yes","No") -> No
A78: 77 | B78: Naebalsan | C78: 내발산 | D78: -4 | E78: 10^-4 | F78: Valid | G78: 3.43 | H78: 0.10473794 | I78: 0 | J78: 0 | K78: 0 | L78: 0 | N78: 0 | O78: 0 | P78: 0 | Q78: 0 | R78: 0 | T78: 0 | U78: 0 | V78: 0 | W78: 0.0021313845 | X78: =SUM(H78:W78) -> 0.10686933 | Y78: =X78/G78*100 -> 3.1157238 | Z78: =MAX(H78:W78) -> 0.10473794 | AA78: =2010+MATCH(Z78,H78:W78,0)-1 -> 2010 | AB78: =Z78/G78*100 -> 3.0535843 | AC78: =IF(F78="Valid",RANK(AB78,$AB$2:$AB$240,0),"") -> 85 | AD78: =IF(AND(F78="Valid",AC78<=24),"Yes","No") -> No
A79: 78 | B79: Namgajwa 2 | C79: 남가좌2 | D79: -2 | E79: 10^-2 | F79: Valid | G79: 1.196 | H79: 0 | I79: 0 | J79: 5.0566997e-06 | K79: 5.4161507e-05 | L79: 0 | N79: 0 | O79: 0 | P79: 9.9182978e-05 | Q79: 0 | R79: 0.00027548101 | T79: 0.0001409176 | U79: 0 | V79: 0 | W79: 0 | X79: =SUM(H79:W79) -> 0.0005747998 | Y79: =X79/G79*100 -> 0.048060184 | Z79: =MAX(H79:W79) -> 0.00027548101 | AA79: =2010+MATCH(Z79,H79:W79,0)-1 -> 2020 | AB79: =Z79/G79*100 -> 0.023033529 | AC79: =IF(F79="Valid",RANK(AB79,$AB$2:$AB$240,0),"") -> 217 | AD79: =IF(AND(F79="Valid",AC79<=24),"Yes","No") -> No
A80: 79 | B80: Gayang | C80: 가양 | D80: -2 | E80: 10^-2 | F80: Valid | G80: 3.895 | H80: 0.23568935 | I80: 0 | J80: 0 | K80: 0 | L80: 0 | N80: 0 | O80: 0 | P80: 0.0011475089 | Q80: 0 | R80: 0 | T80: 0 | U80: 0 | V80: 0 | W80: 0.012942295 | X80: =SUM(H80:W80) -> 0.24977915 | Y80: =X80/G80*100 -> 6.4128152 | Z80: =MAX(H80:W80) -> 0.23568935 | AA80: =2010+MATCH(Z80,H80:W80,0)-1 -> 2010 | AB80: =Z80/G80*100 -> 6.0510744 | AC80: =IF(F80="Valid",RANK(AB80,$AB$2:$AB$240,0),"") -> 50 | AD80: =IF(AND(F80="Valid",AC80<=24),"Yes","No") -> No
A81: 80 | B81: Naengcheon | C81: 냉천 | D81: -3 | E81: 10^-3 | F81: Valid | G81: 1.444 | H81: 0.0015998591 | I81: 0 | J81: 0 | K81: 0 | L81: 0 | N81: 0 | O81: 0 | P81: 0 | Q81: 0 | R81: 0 | T81: 6.8395573e-05 | U81: 0 | V81: 0 | W81: 0 | X81: =SUM(H81:W81) -> 0.0016682547 | Y81: =X81/G81*100 -> 0.1155301 | Z81: =MAX(H81:W81) -> 0.0015998591 | AA81: =2010+MATCH(Z81,H81:W81,0)-1 -> 2010 | AB81: =Z81/G81*100 -> 0.11079357 | AC81: =IF(F81="Valid",RANK(AB81,$AB$2:$AB$240,0),"") -> 197 | AD81: =IF(AND(F81="Valid",AC81<=24),"Yes","No") -> No
A82: 81 | B82: Yeonhui | C82: 연희 | D82: -1 | E82: 10^-1 | F82: Valid | G82: 1.196 | H82: 0 | I82: 0 | J82: 0 | K82: 0 | L82: 0 | N82: 0 | O82: 0 | P82: 7.5419661e-05 | Q82: 0 | R82: 0 | T82: 0.00014139298 | U82: 0 | V82: 0 | W82: 0 | X82: =SUM(H82:W82) -> 0.00021681264 | Y82: =X82/G82*100 -> 0.018128147 | Z82: =MAX(H82:W82) -> 0.00014139298 | AA82: =2010+MATCH(Z82,H82:W82,0)-1 -> 2022 | AB82: =Z82/G82*100 -> 0.011822155 | AC82: =IF(F82="Valid",RANK(AB82,$AB$2:$AB$240,0),"") -> 227 | AD82: =IF(AND(F82="Valid",AC82<=24),"Yes","No") -> No
A83: 82 | B83: Sinchon | C83: 신촌 | D83: -2 | E83: 10^-2 | F83: Valid | G83: 2.35 | H83: 0.070074139 | I83: 0 | J83: 0.00035191873 | K83: 9.9275955e-05 | L83: 0 | N83: 0 | O83: 0 | P83: 0 | Q83: 0 | R83: 0 | T83: 0 | U83: 0 | V83: 0 | W83: 0 | X83: =SUM(H83:W83) -> 0.070525334 | Y83: =X83/G83*100 -> 3.001078 | Z83: =MAX(H83:W83) -> 0.070074139 | AA83: =2010+MATCH(Z83,H83:W83,0)-1 -> 2010 | AB83: =Z83/G83*100 -> 2.9818783 | AC83: =IF(F83="Valid",RANK(AB83,$AB$2:$AB$240,0),"") -> 88 | AD83: =IF(AND(F83="Valid",AC83<=24),"Yes","No") -> No
A84: 83 | B84: Seongsan | C84: 성산 | D84: -3 | E84: 10^-3 | F84: Valid | G84: 0.863 | H84: 0.0061280998 | I84: 0 | J84: 0 | K84: 0 | L84: 0 | N84: 0 | O84: 0 | P84: 0 | Q84: 0 | R84: 0 | T84: 0.00023609067 | U84: 0 | V84: 0 | W84: 0.00022159938 | X84: =SUM(H84:W84) -> 0.0065857899 | Y84: =X84/G84*100 -> 0.76312745 | Z84: =MAX(H84:W84) -> 0.0061280998 | AA84: =2010+MATCH(Z84,H84:W84,0)-1 -> 2010 | AB84: =Z84/G84*100 -> 0.71009268 | AC84: =IF(F84="Valid",RANK(AB84,$AB$2:$AB$240,0),"") -> 157 | AD84: =IF(AND(F84="Valid",AC84<=24),"Yes","No") -> No
A85: 84 | B85: Donggyo | C85: 동교 | D85: -2 | E85: 10^-2 | F85: Valid | G85: 1.945 | H85: 0.070925211 | I85: 0.00093804499 | J85: 0.010914167 | K85: 0 | L85: 0 | N85: 0 | O85: 0 | P85: 0.00071601122 | Q85: 0 | R85: 0 | T85: 0.00056021437 | U85: 8.50974e-05 | V85: 0.000184759 | W85: 0 | X85: =SUM(H85:W85) -> 0.084323504 | Y85: =X85/G85*100 -> 4.3353987 | Z85: =MAX(H85:W85) -> 0.070925211 | AA85: =2010+MATCH(Z85,H85:W85,0)-1 -> 2010 | AB85: =Z85/G85*100 -> 3.6465404 | AC85: =IF(F85="Valid",RANK(AB85,$AB$2:$AB$240,0),"") -> 74 | AD85: =IF(AND(F85="Valid",AC85<=24),"Yes","No") -> No
A86: 85 | B86: Joonggok | C86: 중곡 | D86: -1 | E86: 10^-1 | F86: Valid | G86: 2.955 | H86: 0 | I86: 0 | J86: 0 | K86: 0 | L86: 0 | N86: 0 | O86: 0 | P86: 0 | Q86: 0 | R86: 0 | T86: 0 | U86: 0 | V86: 0 | W86: 0 | X86: =SUM(H86:W86) -> 0 | Y86: =X86/G86*100 -> 0 | Z86: =MAX(H86:W86) -> 0 | AA86: =2010+MATCH(Z86,H86:W86,0)-1 -> 2010 | AB86: =Z86/G86*100 -> 0 | AC86: =IF(F86="Valid",RANK(AB86,$AB$2:$AB$240,0),"") -> 232 | AD86: =IF(AND(F86="Valid",AC86<=24),"Yes","No") -> No
... A229: 228 | B229: Sinweon | C229: 신원 | D229: -1 | E229: 10^-1 | F229: Valid | G229: 3.434 | H229: 0 | I229: 0 | J229: 0.00028654326 | K229: 0 | L229: 0 | N229: 0 | O229: 0 | P229: 0 | Q229: 0 | R229: 0 | T229: 0.010260223 | U229: 0 | V229: 0 | W229: 0 | X229: =SUM(H229:W229) -> 0.010546766 | Y229: =X229/G229*100 -> 0.30712772 | Z229: =MAX(H229:W229) -> 0.010260223 | AA229: =2010+MATCH(Z229,H229:W229,0)-1 -> 2022 | AB229: =Z229/G229*100 -> 0.29878342 | AC229: =IF(F229="Valid",RANK(AB229,$AB$2:$AB$240,0),"") -> 178 | AD229: =IF(AND(F229="Valid",AC229<=24),"Yes","No") -> No
A230: 229 | B230: Gonghang | C230: 공항 | D230: Not classified | E230: Not classified | F230: No valid classification | G230: 6.312 | H230: 0 | I230: 0 | J230: 0 | K230: 0 | L230: 0 | N230: 0 | O230: 0 | P230: 0 | Q230: 0 | R230: 0 | T230: 0.0054758329 | U230: 0 | V230: 0 | W230: 0 | X230: =SUM(H230:W230) -> 0.0054758329 | Y230: =X230/G230*100 -> 0.086752739 | Z230: =MAX(H230:W230) -> 0.0054758329 | AA230: =2010+MATCH(Z230,H230:W230,0)-1 -> 2022 | AB230: =Z230/G230*100 -> 0.086752739 | AC230: =IF(F230="Valid",RANK(AB230,$AB$2:$AB$240,0),"") | AD230: =IF(AND(F230="Valid",AC230<=24),"Yes","No") -> No
A231: 230 | B231: Sooyoo 2 | C231: 수유2 | D231: -2 | E231: 10^-2 | F231: Valid | G231: 6.391 | H231: 0 | I231: 0.035599607 | J231: 0 | K231: 0 | L231: 0 | N231: 0 | O231: 0 | P231: 0.0064188164 | Q231: 0 | R231: 9.2537338e-05 | T231: 0.0092822568 | U231: 0.0002716289 | V231: 0.0002716289 | W231: 0.50187476 | X231: =SUM(H231:W231) -> 0.55381123 | Y231: =X231/G231*100 -> 8.6654864 | Z231: =MAX(H231:W231) -> 0.50187476 | AA231: =2010+MATCH(Z231,H231:W231,0)-1 -> 2025 | AB231: =Z231/G231*100 -> 7.8528362 | AC231: =IF(F231="Valid",RANK(AB231,$AB$2:$AB$240,0),"") -> 39 | AD231: =IF(AND(F231="Valid",AC231<=24),"Yes","No") -> No
A232: 231 | B232: Jeongreung 1 | C232: 정릉1 | D232: -2 | E232: 10^-2 | F232: Valid | G232: 7.553 | H232: 0 | I232: 0.03876009 | J232: 0 | K232: 0 | L232: 0 | N232: 0 | O232: 0 | P232: 0.0004175557 | Q232: 0 | R232: 0 | T232: 0.0012979161 | U232: 0.0011727934 | V232: 0.0019972111 | W232: 0.52229339 | X232: =SUM(H232:W232) -> 0.56593896 | Y232: =X232/G232*100 -> 7.4929029 | Z232: =MAX(H232:W232) -> 0.52229339 | AA232: =2010+MATCH(Z232,H232:W232,0)-1 -> 2025 | AB232: =Z232/G232*100 -> 6.9150455 | AC232: =IF(F232="Valid",RANK(AB232,$AB$2:$AB$240,0),"") -> 42 | AD232: =IF(AND(F232="Valid",AC232<=24),"Yes","No") -> No
A233: 232 | B233: Jeongreung 2 | C233: 정릉2 | D233: -2 | E233: 10^-2 | F233: Valid | G233: 1.324 | H233: 0 | I233: 0.01410574 | J233: 0 | K233: 0 | L233: 0 | N233: 0 | O233: 0 | P233: 0.0011277236 | Q233: 0 | R233: 0.00011469761 | T233: 0.00073529097 | U233: 0.00056965474 | V233: 0.00063692027 | W233: 0.000242867 | X233: =SUM(H233:W233) -> 0.017532895 | Y233: =X233/G233*100 -> 1.3242368 | Z233: =MAX(H233:W233) -> 0.01410574 | AA233: =2010+MATCH(Z233,H233:W233,0)-1 -> 2011 | AB233: =Z233/G233*100 -> 1.0653883 | AC233: =IF(F233="Valid",RANK(AB233,$AB$2:$AB$240,0),"") -> 143 | AD233: =IF(AND(F233="Valid",AC233<=24),"Yes","No") -> No
A234: 233 | B234: Geobong | C234: 개봉 | D234: -2 | E234: 10^-2 | F234: Valid | G234: 1.816 | H234: 0.063459049 | I234: 0 | J234: 0.0042779692 | K234: 0 | L234: 0 | N234: 0 | O234: 0.00039771003 | P234: 0 | Q234: 0 | R234: 0 | T234: 0.034207268 | U234: 0.00049469775 | V234: 0.0001224536 | W234: 0 | X234: =SUM(H234:W234) -> 0.10295915 | Y234: =X234/G234*100 -> 5.6695566 | Z234: =MAX(H234:W234) -> 0.063459049 | AA234: =2010+MATCH(Z234,H234:W234,0)-1 -> 2010 | AB234: =Z234/G234*100 -> 3.494441 | AC234: =IF(F234="Valid",RANK(AB234,$AB$2:$AB$240,0),"") -> 78 | AD234: =IF(AND(F234="Valid",AC234<=24),"Yes","No") -> No
A235: 234 | B235: Oryu 1 | C235: 오류1 | D235: -3 | E235: 10^-3 | F235: Valid | G235: 2.069 | H235: 0.11113631 | I235: 0.053993863 | J235: 0.0017479101 | K235: 0 | L235: 0 | N235: 0 | O235: 0 | P235: 0 | Q235: 0 | R235: 0 | T235: 0.036169255 | U235: 0.0001707599 | V235: 0.0001055301 | W235: 0 | X235: =SUM(H235:W235) -> 0.20332363 | Y235: =X235/G235*100 -> 9.827145 | Z235: =MAX(H235:W235) -> 0.11113631 | AA235: =2010+MATCH(Z235,H235:W235,0)-1 -> 2010 | AB235: =Z235/G235*100 -> 5.3714988 | AC235: =IF(F235="Valid",RANK(AB235,$AB$2:$AB$240,0),"") -> 53 | AD235: =IF(AND(F235="Valid",AC235<=24),"Yes","No") -> No
A236: 235 | B236: Oryu 4 | C236: 오류4 | D236: -2 | E236: 10^-2 | F236: Valid | G236: 2.211 | H236: 0.10448995 | I236: 0.10222681 | J236: 0.0034874698 | K236: 0 | L236: 0 | N236: 0 | O236: 0 | P236: 0 | Q236: 0 | R236: 0 | T236: 0.052801109 | U236: 0 | V236: 0 | W236: 0 | X236: =SUM(H236:W236) -> 0.26300534 | Y236: =X236/G236*100 -> 11.895311 | Z236: =MAX(H236:W236) -> 0.10448995 | AA236: =2010+MATCH(Z236,H236:W236,0)-1 -> 2010 | AB236: =Z236/G236*100 -> 4.7259136 | AC236: =IF(F236="Valid",RANK(AB236,$AB$2:$AB$240,0),"") -> 58 | AD236: =IF(AND(F236="Valid",AC236<=24),"Yes","No") -> No
A237: 236 | B237: Noryang 2 | C237: 노량2 | D237: -2 | E237: 10^-2 | F237: Valid | G237: 1.902 | H237: 0.026221313 | I237: 0.0076552874 | J237: 0 | K237: 0 | L237: 0 | N237: 0 | O237: 0 | P237: 0 | Q237: 0 | R237: 0 | T237: 0.057144826 | U237: 0.0051048045 | V237: 0.00047941492 | W237: 0 | X237: =SUM(H237:W237) -> 0.096605646 | Y237: =X237/G237*100 -> 5.0791612 | Z237: =MAX(H237:W237) -> 0.057144826 | AA237: =2010+MATCH(Z237,H237:W237,0)-1 -> 2022 | AB237: =Z237/G237*100 -> 3.0044598 | AC237: =IF(F237="Valid",RANK(AB237,$AB$2:$AB$240,0),"") -> 86 | AD237: =IF(AND(F237="Valid",AC237<=24),"Yes","No") -> No
A238: 237 | B238: Yeouido | C238: 여의도 | D238: -3 | E238: 10^-3 | F238: Valid | G238: 6.428 | H238: 0 | I238: 0 | J238: 0 | K238: 0 | L238: 0 | N238: 0 | O238: 0 | P238: 0 | Q238: 0 | R238: 0 | T238: 0.18484425 | U238: 0 | V238: 0 | W238: 0 | X238: =SUM(H238:W238) -> 0.18484425 | Y238: =X238/G238*100 -> 2.8756106 | Z238: =MAX(H238:W238) -> 0.18484425 | AA238: =2010+MATCH(Z238,H238:W238,0)-1 -> 2022 | AB238: =Z238/G238*100 -> 2.8756106 | AC238: =IF(F238="Valid",RANK(AB238,$AB$2:$AB$240,0),"") -> 91 | AD238: =IF(AND(F238="Valid",AC238<=24),"Yes","No") -> No
A239: 238 | B239: Weolgye 1 | C239: 월계1 | D239: -3 | E239: 10^-3 | F239: Valid | G239: 1.536 | H239: 0 | I239: 0 | J239: 0 | K239: 0 | L239: 0 | N239: 0 | O239: 0 | P239: 0 | Q239: 0 | R239: 0.00020096947 | T239: 0 | U239: 0.00015900649 | V239: 0 | W239: 0 | X239: =SUM(H239:W239) -> 0.00035997596 | Y239: =X239/G239*100 -> 0.023435935 | Z239: =MAX(H239:W239) -> 0.00020096947 | AA239: =2010+MATCH(Z239,H239:W239,0)-1 -> 2020 | AB239: =Z239/G239*100 -> 0.01308395 | AC239: =IF(F239="Valid",RANK(AB239,$AB$2:$AB$240,0),"") -> 225 | AD239: =IF(AND(F239="Valid",AC239<=24),"Yes","No") -> No
A240: 239 | B240: Jangwi | C240: 장위 | D240: -3 | E240: 10^-3 | F240: Valid | G240: 2.883 | H240: 0 | I240: 0.11075979 | J240: 0 | K240: 0 | L240: 0 | N240: 0 | O240: 0 | P240: 0.0025707392 | Q240: 0 | R240: 0.0057542918 | T240: 0.0022765188 | U240: 0.00061934059 | V240: 0.0022110323 | W240: 0.0023403572 | X240: =SUM(H240:W240) -> 0.12653207 | Y240: =X240/G240*100 -> 4.388903 | Z240: =MAX(H240:W240) -> 0.11075979 | AA240: =2010+MATCH(Z240,H240:W240,0)-1 -> 2011 | AB240: =Z240/G240*100 -> 3.8418243 | AC240: =IF(F240="Valid",RANK(AB240,$AB$2:$AB$240,0),"") -> 65 | AD240: =IF(AND(F240="Valid",AC240<=24),"Yes","No") -> No

Sheet Flood Summary
A1: Data S2: Flood-result checks for manuscript Tables 4 and 5
A3: k | B3: Beta class | C3: Valid catchment count | D3: Total catchment area (km^2) | E3: Cumulative flooded area (km^2) | F3: Mean cumulative flooded-area percentage (%)
A4: -4 | B4: 10^-4 | C4: =COUNTIF('Flood Metrics'!$D$2:$D$240,A4) -> 11 | D4: =SUMIF('Flood Metrics'!$D$2:$D$240,A4,'Flood Metrics'!$G$2:$G$240) -> 31.351 | E4: =SUMIF('Flood Metrics'!$D$2:$D$240,A4,'Flood Metrics'!$X$2:$X$240) -> 1.684771 | F4: =IF(C4=0,"",AVERAGEIF('Flood Metrics'!$D$2:$D$240,A4,'Flood Metrics'!$Y$2:$Y$240)) -> 5.0801947
A5: -3 | B5: 10^-3 | C5: =COUNTIF('Flood Metrics'!$D$2:$D$240,A5) -> 84 | D5: =SUMIF('Flood Metrics'!$D$2:$D$240,A5,'Flood Metrics'!$G$2:$G$240) -> 239.512 | E5: =SUMIF('Flood Metrics'!$D$2:$D$240,A5,'Flood Metrics'!$X$2:$X$240) -> 9.1316529 | F5: =IF(C5=0,"",AVERAGEIF('Flood Metrics'!$D$2:$D$240,A5,'Flood Metrics'!$Y$2:$Y$240)) -> 4.1361813
A6: -2 | B6: 10^-2 | C6: =COUNTIF('Flood Metrics'!$D$2:$D$240,A6) -> 122 | D6: =SUMIF('Flood Metrics'!$D$2:$D$240,A6,'Flood Metrics'!$G$2:$G$240) -> 282.714 | E6: =SUMIF('Flood Metrics'!$D$2:$D$240,A6,'Flood Metrics'!$X$2:$X$240) -> 18.377123 | F6: =IF(C6=0,"",AVERAGEIF('Flood Metrics'!$D$2:$D$240,A6,'Flood Metrics'!$Y$2:$Y$240)) -> 8.1337625
A7: -1 | B7: 10^-1 | C7: =COUNTIF('Flood Metrics'!$D$2:$D$240,A7) -> 17 | D7: =SUMIF('Flood Metrics'!$D$2:$D$240,A7,'Flood Metrics'!$G$2:$G$240) -> 35.672 | E7: =SUMIF('Flood Metrics'!$D$2:$D$240,A7,'Flood Metrics'!$X$2:$X$240) -> 2.7441617 | F7: =IF(C7=0,"",AVERAGEIF('Flood Metrics'!$D$2:$D$240,A7,'Flood Metrics'!$Y$2:$Y$240)) -> 6.2754994
A8: 0 | B8: 10^0 | C8: =COUNTIF('Flood Metrics'!$D$2:$D$240,A8) -> 1 | D8: =SUMIF('Flood Metrics'!$D$2:$D$240,A8,'Flood Metrics'!$G$2:$G$240) -> 0.541 | E8: =SUMIF('Flood Metrics'!$D$2:$D$240,A8,'Flood Metrics'!$X$2:$X$240) -> 0.025413734 | F8: =IF(C8=0,"",AVERAGEIF('Flood Metrics'!$D$2:$D$240,A8,'Flood Metrics'!$Y$2:$Y$240)) -> 4.6975479
A9: 1 | B9: 10^1 | C9: =COUNTIF('Flood Metrics'!$D$2:$D$240,A9) -> 2 | D9: =SUMIF('Flood Metrics'!$D$2:$D$240,A9,'Flood Metrics'!$G$2:$G$240) -> 6.169 | E9: =SUMIF('Flood Metrics'!$D$2:$D$240,A9,'Flood Metrics'!$X$2:$X$240) -> 0.037041868 | F9: =IF(C9=0,"",AVERAGEIF('Flood Metrics'!$D$2:$D$240,A9,'Flood Metrics'!$Y$2:$Y$240)) -> 0.51812167
A10: 2 | B10: 10^2 | C10: =COUNTIF('Flood Metrics'!$D$2:$D$240,A10) -> 0 | D10: =SUMIF('Flood Metrics'!$D$2:$D$240,A10,'Flood Metrics'!$G$2:$G$240) -> 0 | E10: =SUMIF('Flood Metrics'!$D$2:$D$240,A10,'Flood Metrics'!$X$2:$X$240) -> 0 | F10: =IF(C10=0,"",AVERAGEIF('Flood Metrics'!$D$2:$D$240,A10,'Flood Metrics'!$Y$2:$Y$240))
A11: 3 | B11: 10^3 | C11: =COUNTIF('Flood Metrics'!$D$2:$D$240,A11) -> 0 | D11: =SUMIF('Flood Metrics'!$D$2:$D$240,A11,'Flood Metrics'!$G$2:$G$240) -> 0 | E11: =SUMIF('Flood Metrics'!$D$2:$D$240,A11,'Flood Metrics'!$X$2:$X$240) -> 0 | F11: =IF(C11=0,"",AVERAGEIF('Flood Metrics'!$D$2:$D$240,A11,'Flood Metrics'!$Y$2:$Y$240))
A13: Top 10% of catchments by maximum annual flooded-area percentage (24 of 239)
A14: Rank | B14: Catchment ID | C14: Catchment name | D14: PLENA beta class | E14: Maximum annual flooded-area percentage (%) | F14: Year | G14: Maximum annual flooded area (km^2)
A15: 1 | B15: =INDEX('Flood Metrics'!$A$2:$A$240,MATCH(A15,'Flood Metrics'!$AC$2:$AC$240,0)) -> 187 | C15: =INDEX('Flood Metrics'!$B$2:$B$240,MATCH(A15,'Flood Metrics'!$AC$2:$AC$240,0)) -> Seocho 4 | D15: =INDEX('Flood Metrics'!$E$2:$E$240,MATCH(A15,'Flood Metrics'!$AC$2:$AC$240,0)) -> 10^-2 | E15: =INDEX('Flood Metrics'!$AB$2:$AB$240,MATCH(A15,'Flood Metrics'!$AC$2:$AC$240,0)) -> 78.487624 | F15: =INDEX('Flood Metrics'!$AA$2:$AA$240,MATCH(A15,'Flood Metrics'!$AC$2:$AC$240,0)) -> 2010 | G15: =INDEX('Flood Metrics'!$Z$2:$Z$240,MATCH(A15,'Flood Metrics'!$AC$2:$AC$240,0)) -> 0.83039906
A16: 2 | B16: =INDEX('Flood Metrics'!$A$2:$A$240,MATCH(A16,'Flood Metrics'!$AC$2:$AC$240,0)) -> 140 | C16: =INDEX('Flood Metrics'!$B$2:$B$240,MATCH(A16,'Flood Metrics'!$AC$2:$AC$240,0)) -> Sinwol 3 | D16: =INDEX('Flood Metrics'!$E$2:$E$240,MATCH(A16,'Flood Metrics'!$AC$2:$AC$240,0)) -> 10^-2 | E16: =INDEX('Flood Metrics'!$AB$2:$AB$240,MATCH(A16,'Flood Metrics'!$AC$2:$AC$240,0)) -> 42.021838 | F16: =INDEX('Flood Metrics'!$AA$2:$AA$240,MATCH(A16,'Flood Metrics'!$AC$2:$AC$240,0)) -> 2010 | G16: =INDEX('Flood Metrics'!$Z$2:$Z$240,MATCH(A16,'Flood Metrics'!$AC$2:$AC$240,0)) -> 0.72487671
A17: 3 | B17: =INDEX('Flood Metrics'!$A$2:$A$240,MATCH(A17,'Flood Metrics'!$AC$2:$AC$240,0)) -> 186 | C17: =INDEX('Flood Metrics'!$B$2:$B$240,MATCH(A17,'Flood Metrics'!$AC$2:$AC$240,0)) -> Bangbae 2 | D17: =INDEX('Flood Metrics'!$E$2:$E$240,MATCH(A17,'Flood Metrics'!$AC$2:$AC$240,0)) -> 10^-2 | E17: =INDEX('Flood Metrics'!$AB$2:$AB$240,MATCH(A17,'Flood Metrics'!$AC$2:$AC$240,0)) -> 28.75945 | F17: =INDEX('Flood Metrics'!$AA$2:$AA$240,MATCH(A17,'Flood Metrics'!$AC$2:$AC$240,0)) -> 2010 | G17: =INDEX('Flood Metrics'!$Z$2:$Z$240,MATCH(A17,'Flood Metrics'!$AC$2:$AC$240,0)) -> 0.39429206
A18: 4 | B18: =INDEX('Flood Metrics'!$A$2:$A$240,MATCH(A18,'Flood Metrics'!$AC$2:$AC$240,0)) -> 110 | C18: =INDEX('Flood Metrics'!$B$2:$B$240,MATCH(A18,'Flood Metrics'!$AC$2:$AC$240,0)) -> Hwagok 1 | D18: =INDEX('Flood Metrics'!$E$2:$E$240,MATCH(A18,'Flood Metrics'!$AC$2:$AC$240,0)) -> 10^-3 | E18: =INDEX('Flood Metrics'!$AB$2:$AB$240,MATCH(A18,'Flood Metrics'!$AC$2:$AC$240,0)) -> 28.294298 | F18: =INDEX('Flood Metrics'!$AA$2:$AA$240,MATCH(A18,'Flood Metrics'!$AC$2:$AC$240,0)) -> 2010 | G18: =INDEX('Flood Metrics'!$Z$2:$Z$240,MATCH(A18,'Flood Metrics'!$AC$2:$AC$240,0)) -> 0.64624177
A19: 5 | B19: =INDEX('Flood Metrics'!$A$2:$A$240,MATCH(A19,'Flood Metrics'!$AC$2:$AC$240,0)) -> 4 | C19: =INDEX('Flood Metrics'!$B$2:$B$240,MATCH(A19,'Flood Metrics'!$AC$2:$AC$240,0)) -> Sanggye 2 | D19: =INDEX('Flood Metrics'!$E$2:$E$240,MATCH(A19,'Flood Metrics'!$AC$2:$AC$240,0)) -> 10^-2 | E19: =INDEX('Flood Metrics'!$AB$2:$AB$240,MATCH(A19,'Flood Metrics'!$AC$2:$AC$240,0)) -> 27.892607 | F19: =INDEX('Flood Metrics'!$AA$2:$AA$240,MATCH(A19,'Flood Metrics'!$AC$2:$AC$240,0)) -> 2022 | G19: =INDEX('Flood Metrics'!$Z$2:$Z$240,MATCH(A19,'Flood Metrics'!$AC$2:$AC$240,0)) -> 0.60248031
A20: 6 | B20: =INDEX('Flood Metrics'!$A$2:$A$240,MATCH(A20,'Flood Metrics'!$AC$2:$AC$240,0)) -> 121 | C20: =INDEX('Flood Metrics'!$B$2:$B$240,MATCH(A20,'Flood Metrics'!$AC$2:$AC$240,0)) -> Sinwol 1 | D20: =INDEX('Flood Metrics'!$E$2:$E$240,MATCH(A20,'Flood Metrics'!$AC$2:$AC$240,0)) -> 10^-2 | E20: =INDEX('Flood Metrics'!$AB$2:$AB$240,MATCH(A20,'Flood Metrics'!$AC$2:$AC$240,0)) -> 27.155823 | F20: =INDEX('Flood Metrics'!$AA$2:$AA$240,MATCH(A20,'Flood Metrics'!$AC$2:$AC$240,0)) -> 2010 | G20: =INDEX('Flood Metrics'!$Z$2:$Z$240,MATCH(A20,'Flood Metrics'!$AC$2:$AC$240,0)) -> 0.41385475
A21: 7 | B21: =INDEX('Flood Metrics'!$A$2:$A$240,MATCH(A21,'Flood Metrics'!$AC$2:$AC$240,0)) -> 11 | C21: =INDEX('Flood Metrics'!$B$2:$B$240,MATCH(A21,'Flood Metrics'!$AC$2:$AC$240,0)) -> Uei 2 | D21: =INDEX('Flood Metrics'!$E$2:$E$240,MATCH(A21,'Flood Metrics'!$AC$2:$AC$240,0)) -> 10^-1 | E21: =INDEX('Flood Metrics'!$AB$2:$AB$240,MATCH(A21,'Flood Metrics'!$AC$2:$AC$240,0)) -> 26.180962 | F21: =INDEX('Flood Metrics'!$AA$2:$AA$240,MATCH(A21,'Flood Metrics'!$AC$2:$AC$240,0)) -> 2025 | G21: =INDEX('Flood Metrics'!$Z$2:$Z$240,MATCH(A21,'Flood Metrics'!$AC$2:$AC$240,0)) -> 0.98126245
A22: 8 | B22: =INDEX('Flood Metrics'!$A$2:$A$240,MATCH(A22,'Flood Metrics'!$AC$2:$AC$240,0)) -> 19 | C22: =INDEX('Flood Metrics'!$B$2:$B$240,MATCH(A22,'Flood Metrics'!$AC$2:$AC$240,0)) -> Sooyoo 1 | D22: =INDEX('Flood Metrics'!$E$2:$E$240,MATCH(A22,'Flood Metrics'!$AC$2:$AC$240,0)) -> 10^-2 | E22: =INDEX('Flood Metrics'!$AB$2:$AB$240,MATCH(A22,'Flood Metrics'!$AC$2:$AC$240,0)) -> 25.534068 | F22: =INDEX('Flood Metrics'!$AA$2:$AA$240,MATCH(A22,'Flood Metrics'!$AC$2:$AC$240,0)) -> 2025 | G22: =INDEX('Flood Metrics'!$Z$2:$Z$240,MATCH(A22,'Flood Metrics'!$AC$2:$AC$240,0)) -> 0.66133237
A23: 9 | B23: =INDEX('Flood Metrics'!$A$2:$A$240,MATCH(A23,'Flood Metrics'!$AC$2:$AC$240,0)) -> 3 | C23: =INDEX('Flood Metrics'!$B$2:$B$240,MATCH(A23,'Flood Metrics'!$AC$2:$AC$240,0)) -> Sanggye 3 | D23: =INDEX('Flood Metrics'!$E$2:$E$240,MATCH(A23,'Flood Metrics'!$AC$2:$AC$240,0)) -> 10^-4 | E23: =INDEX('Flood Metrics'!$AB$2:$AB$240,MATCH(A23,'Flood Metrics'!$AC$2:$AC$240,0)) -> 25.501816 | F23: =INDEX('Flood Metrics'!$AA$2:$AA$240,MATCH(A23,'Flood Metrics'!$AC$2:$AC$240,0)) -> 2022 | G23: =INDEX('Flood Metrics'!$Z$2:$Z$240,MATCH(A23,'Flood Metrics'!$AC$2:$AC$240,0)) -> 1.0417492
A24: 10 | B24: =INDEX('Flood Metrics'!$A$2:$A$240,MATCH(A24,'Flood Metrics'!$AC$2:$AC$240,0)) -> 133 | C24: =INDEX('Flood Metrics'!$B$2:$B$240,MATCH(A24,'Flood Metrics'!$AC$2:$AC$240,0)) -> Hwagok 2 | D24: =INDEX('Flood Metrics'!$E$2:$E$240,MATCH(A24,'Flood Metrics'!$AC$2:$AC$240,0)) -> 10^-3 | E24: =INDEX('Flood Metrics'!$AB$2:$AB$240,MATCH(A24,'Flood Metrics'!$AC$2:$AC$240,0)) -> 23.363973 | F24: =INDEX('Flood Metrics'!$AA$2:$AA$240,MATCH(A24,'Flood Metrics'!$AC$2:$AC$240,0)) -> 2010 | G24: =INDEX('Flood Metrics'!$Z$2:$Z$240,MATCH(A24,'Flood Metrics'!$AC$2:$AC$240,0)) -> 0.76049733
A25: 11 | B25: =INDEX('Flood Metrics'!$A$2:$A$240,MATCH(A25,'Flood Metrics'!$AC$2:$AC$240,0)) -> 208 | C25: =INDEX('Flood Metrics'!$B$2:$B$240,MATCH(A25,'Flood Metrics'!$AC$2:$AC$240,0)) -> Bangbae 4 | D25: =INDEX('Flood Metrics'!$E$2:$E$240,MATCH(A25,'Flood Metrics'!$AC$2:$AC$240,0)) -> 10^-2 | E25: =INDEX('Flood Metrics'!$AB$2:$AB$240,MATCH(A25,'Flood Metrics'!$AC$2:$AC$240,0)) -> 22.476081 | F25: =INDEX('Flood Metrics'!$AA$2:$AA$240,MATCH(A25,'Flood Metrics'!$AC$2:$AC$240,0)) -> 2011 | G25: =INDEX('Flood Metrics'!$Z$2:$Z$240,MATCH(A25,'Flood Metrics'!$AC$2:$AC$240,0)) -> 0.35130114
A26: 12 | B26: =INDEX('Flood Metrics'!$A$2:$A$240,MATCH(A26,'Flood Metrics'!$AC$2:$AC$240,0)) -> 209 | C26: =INDEX('Flood Metrics'!$B$2:$B$240,MATCH(A26,'Flood Metrics'!$AC$2:$AC$240,0)) -> Sadang | D26: =INDEX('Flood Metrics'!$E$2:$E$240,MATCH(A26,'Flood Metrics'!$AC$2:$AC$240,0)) -> 10^-2 | E26: =INDEX('Flood Metrics'!$AB$2:$AB$240,MATCH(A26,'Flood Metrics'!$AC$2:$AC$240,0)) -> 22.158016 | F26: =INDEX('Flood Metrics'!$AA$2:$AA$240,MATCH(A26,'Flood Metrics'!$AC$2:$AC$240,0)) -> 2022 | G26: =INDEX('Flood Metrics'!$Z$2:$Z$240,MATCH(A26,'Flood Metrics'!$AC$2:$AC$240,0)) -> 0.406378
... A38: 24 | B38: =INDEX('Flood Metrics'!$A$2:$A$240,MATCH(A38,'Flood Metrics'!$AC$2:$AC$240,0)) -> 183 | C38: =INDEX('Flood Metrics'!$B$2:$B$240,MATCH(A38,'Flood Metrics'!$AC$2:$AC$240,0)) -> Isu | D38: =INDEX('Flood Metrics'!$E$2:$E$240,MATCH(A38,'Flood Metrics'!$AC$2:$AC$240,0)) -> 10^-3 | E38: =INDEX('Flood Metrics'!$AB$2:$AB$240,MATCH(A38,'Flood Metrics'!$AC$2:$AC$240,0)) -> 11.500688 | F38: =INDEX('Flood Metrics'!$AA$2:$AA$240,MATCH(A38,'Flood Metrics'!$AC$2:$AC$240,0)) -> 2022 | G38: =INDEX('Flood Metrics'!$Z$2:$Z$240,MATCH(A38,'Flood Metrics'!$AC$2:$AC$240,0)) -> 0.15801946

Sheet Flood Data Method
A1: Data S2: Flood-data derivation and access
A3: Category | B3: Item | C3: Documented method or access condition
A4: Scope | B4: Spatial units | C4: 239 Seoul drainage catchments.
A5: Scope | B5: Analysis period | C5: 2010-2025. Source data are available for 2010-2014, 2016-2020, and 2022-2025.
A6: Missing data | B6: 2015 and 2021 | C6: No inundation-footprint files are provided for these years; cells are blank and are not treated as zero.
A7: Source | B7: Annual inundation footprints | C7: Seoul Metropolitan Government, Seoul Open Data Plaza dataset OA-15636: https://data.seoul.go.kr/dataList/OA-15636/F/1/datasetView.do
A8: Source | B8: Drainage catchment boundaries | C8: Seoul Metropolitan Government, Water Circulation Safety Bureau, Water Reclamation Planning Division. Raw drainage GIS files are not redistributed; access must be requested from the division subject to its conditions: https://news.seoul.go.kr/env/archives/747
A9: GIS processing | B9: Coordinate system and unit | C9: Korean 1985 / Central Belt; planar areas calculated in square metres and converted to square kilometres.
A10: GIS processing | B10: Within-year overlap | C10: Inundation polygons were unioned within each year before intersection with the 239 drainage-catchment boundaries, preventing double counting of overlapping polygons in the same year.
A11: GIS processing | B11: Catchment allocation | C11: The unioned annual inundation footprint was intersected with each drainage-catchment boundary; the resulting planar intersection area is the annual flooded area.
A12: GIS processing | B12: 2022 records | C12: All records in the 2022 source file were retained. The records marked F_YR = 2023 were assigned to 2022 based on the source-file/layer identity and event-date fields and were not duplicates of the separate 2023 source.
A13: Metric | B13: Catchment area | C13: GIS-derived catchment-boundary area reported to 0.001 km^2, matching the manuscript calculation workbook.
A14: Metric | B14: Cumulative flooded area | C14: Sum of annual flooded areas across available years. The same location flooded in different years contributes once in each applicable year.
... A19: Reproducibility | B19: Workbook linkage | C19: Flood Metrics stores the annual GIS-derived areas and calculation formulas. Flood Summary links to those formulas to reproduce manuscript Tables 4 and 5.
